{
  "x_values" : [-4, -3, -2, -1, 0, 1, 2, 3, 4],
  "y_values" : [8.15484548538, 8.15484548538, 8.15484548538, 8.15484548538, 8.15484548538, 8.15484548538, 8.15484548538, 8.15484548538, 8.15484548538]
}